<?xml version="1.0" encoding="UTF-8"?>
<Scheme
   LastUpgradeVersion = "1300"
   version = "1.7">
   <BuildAction
      parallelizeBuildables = "YES"
      buildImplicitDependencies = "YES">
      <BuildActionEntries>
         <BuildActionEntry
            buildForTesting = "YES"
            buildForRunning = "YES"
            buildForProfiling = "YES"
            buildForArchiving = "YES"
            buildForAnalyzing = "YES">
            <BuildableReference
               BuildableIdentifier = "primary"
               BlueprintIdentifier = "6B31040523E825B40031851C"
               BuildableName = "ParkPlus.app"
               BlueprintName = "Parkplus"
               ReferencedContainer = "container:Parkplus.xcodeproj">
            </BuildableReference>
         </BuildActionEntry>
      </BuildActionEntries>
   </BuildAction>
   <TestAction
      buildConfiguration = "Debug"
      selectedDebuggerIdentifier = "Xcode.DebuggerFoundation.Debugger.LLDB"
      selectedLauncherIdentifier = "Xcode.DebuggerFoundation.Launcher.LLDB"
      shouldUseLaunchSchemeArgsEnv = "YES">
      <Testables>
         <TestableReference
            skipped = "NO">
            <BuildableReference
               BuildableIdentifier = "primary"
               BlueprintIdentifier = "6B31041B23E825B50031851C"
               BuildableName = "ParkplusTests.xctest"
               BlueprintName = "ParkplusTests"
               ReferencedContainer = "container:Parkplus.xcodeproj">
            </BuildableReference>
         </TestableReference>
         <TestableReference
            skipped = "NO">
            <BuildableReference
               BuildableIdentifier = "primary"
               BlueprintIdentifier = "6B31042623E825B50031851C"
               BuildableName = "ParkplusUITests.xctest"
               BlueprintName = "ParkplusUITests"
               ReferencedContainer = "container:Parkplus.xcodeproj">
            </BuildableReference>
         </TestableReference>
      </Testables>
   </TestAction>
   <LaunchAction
      buildConfiguration = "Debug"
      selectedDebuggerIdentifier = "Xcode.DebuggerFoundation.Debugger.LLDB"
      selectedLauncherIdentifier = "Xcode.DebuggerFoundation.Launcher.LLDB"
      launchStyle = "0"
      useCustomWorkingDirectory = "NO"
      ignoresPersistentStateOnLaunch = "NO"
      debugDocumentVersioning = "YES"
      debugServiceExtension = "internal"
      allowLocationSimulation = "YES">
      <BuildableProductRunnable
         runnableDebuggingMode = "0">
         <BuildableReference
            BuildableIdentifier = "primary"
            BlueprintIdentifier = "6B31040523E825B40031851C"
            BuildableName = "ParkPlus.app"
            BlueprintName = "Parkplus"
            ReferencedContainer = "container:Parkplus.xcodeproj">
         </BuildableReference>
      </BuildableProductRunnable>
      <CommandLineArguments>
         <CommandLineArgument
            argument = "-FIRDebugEnabled"
            isEnabled = "YES">
         </CommandLineArgument>
      </CommandLineArguments>
      <LocationScenarioReference
         identifier = "com.apple.dt.IDEFoundation.CurrentLocationScenarioIdentifier"
         referenceType = "1">
      </LocationScenarioReference>
   </LaunchAction>
   <ProfileAction
      buildConfiguration = "Release"
      shouldUseLaunchSchemeArgsEnv = "YES"
      savedToolIdentifier = ""
      useCustomWorkingDirectory = "NO"
      debugDocumentVersioning = "YES">
      <BuildableProductRunnable
         runnableDebuggingMode = "0">
         <BuildableReference
            BuildableIdentifier = "primary"
            BlueprintIdentifier = "6B31040523E825B40031851C"
            BuildableName = "ParkPlus.app"
            BlueprintName = "Parkplus"
            ReferencedContainer = "container:Parkplus.xcodeproj">
         </BuildableReference>
      </BuildableProductRunnable>
   </ProfileAction>
   <AnalyzeAction
      buildConfiguration = "Debug">
   </AnalyzeAction>
   <ArchiveAction
      buildConfiguration = "Release"
      revealArchiveInOrganizer = "YES">
   </ArchiveAction>
</Scheme>
