<?xml version="1.0" encoding="UTF-8"?>
<Bucket
   uuid = "6E3439C9-7013-4DDA-ADC3-A61E8906855F"
   type = "0"
   version = "2.0">
   <Breakpoints>
      <BreakpointProxy
         BreakpointExtensionID = "Xcode.Breakpoint.FileBreakpoint">
         <BreakpointContent
            uuid = "451C2664-AF7D-4D7D-B151-1C0CE97D6D2F"
            shouldBeEnabled = "Yes"
            ignoreCount = "0"
            continueAfterRunningActions = "No"
            filePath = "Parkplus/Screens/Create Booking/View/CreateBookingViewController.swift"
            startingColumnNumber = "9223372036854775807"
            endingColumnNumber = "9223372036854775807"
            startingLineNumber = "259"
            endingLineNumber = "259"
            landmarkName = "intializeDefaultTime()"
            landmarkType = "7">
         </BreakpointContent>
      </BreakpointProxy>
      <BreakpointProxy
         BreakpointExtensionID = "Xcode.Breakpoint.FileBreakpoint">
         <BreakpointContent
            uuid = "D475B8B3-ABE4-484A-B269-22F3F5436024"
            shouldBeEnabled = "Yes"
            ignoreCount = "0"
            continueAfterRunningActions = "No"
            filePath = "Parkplus/Screens/Create Booking/View/CreateBookingViewController.swift"
            startingColumnNumber = "9223372036854775807"
            endingColumnNumber = "9223372036854775807"
            startingLineNumber = "1852"
            endingLineNumber = "1852"
            landmarkName = "doneButtonClicked()"
            landmarkType = "7">
         </BreakpointContent>
      </BreakpointProxy>
      <BreakpointProxy
         BreakpointExtensionID = "Xcode.Breakpoint.FileBreakpoint">
         <BreakpointContent
            uuid = "E322847B-E94C-4D35-8CBA-08DC047E7AB0"
            shouldBeEnabled = "Yes"
            ignoreCount = "0"
            continueAfterRunningActions = "No"
            filePath = "Parkplus/Screens/AlertPuccReminder/View/Subviews/CustomDatePickerView.swift"
            startingColumnNumber = "9223372036854775807"
            endingColumnNumber = "9223372036854775807"
            startingLineNumber = "41"
            endingLineNumber = "41"
            landmarkName = "doneButtonClicked()"
            landmarkType = "7">
         </BreakpointContent>
      </BreakpointProxy>
      <BreakpointProxy
         BreakpointExtensionID = "Xcode.Breakpoint.FileBreakpoint">
         <BreakpointContent
            uuid = "48FCC845-EDB5-497B-8830-856E1BCE8F1E"
            shouldBeEnabled = "Yes"
            ignoreCount = "0"
            continueAfterRunningActions = "No"
            filePath = "Parkplus/Screens/Home/View/HomeViewController.swift"
            startingColumnNumber = "9223372036854775807"
            endingColumnNumber = "9223372036854775807"
            startingLineNumber = "2368"
            endingLineNumber = "2368"
            landmarkName = "setBookingTimeButtonClicked(bookingWindowDto:buttonTag:)"
            landmarkType = "7">
         </BreakpointContent>
      </BreakpointProxy>
      <BreakpointProxy
         BreakpointExtensionID = "Xcode.Breakpoint.FileBreakpoint">
         <BreakpointContent
            uuid = "A7B70B12-9A38-43E3-ACF6-1BEBE3187FB6"
            shouldBeEnabled = "No"
            ignoreCount = "0"
            continueAfterRunningActions = "No"
            filePath = "Parkplus/Screens/Home/View/HomeViewController.swift"
            startingColumnNumber = "9223372036854775807"
            endingColumnNumber = "9223372036854775807"
            startingLineNumber = "768"
            endingLineNumber = "768"
            landmarkName = "showDateTimePickerView()"
            landmarkType = "7">
         </BreakpointContent>
      </BreakpointProxy>
      <BreakpointProxy
         BreakpointExtensionID = "Xcode.Breakpoint.FileBreakpoint">
         <BreakpointContent
            uuid = "8C38E5AB-99D6-4B25-96B9-EC477F251AE9"
            shouldBeEnabled = "Yes"
            ignoreCount = "0"
            continueAfterRunningActions = "No"
            filePath = "Parkplus/Screens/Home/View/Subviews/DateTimeView.swift"
            startingColumnNumber = "9223372036854775807"
            endingColumnNumber = "9223372036854775807"
            startingLineNumber = "166"
            endingLineNumber = "166"
            landmarkName = "dateButtonTapped()"
            landmarkType = "7">
         </BreakpointContent>
      </BreakpointProxy>
      <BreakpointProxy
         BreakpointExtensionID = "Xcode.Breakpoint.FileBreakpoint">
         <BreakpointContent
            uuid = "FC5F5453-301A-4A68-B99E-E8BD139107A3"
            shouldBeEnabled = "Yes"
            ignoreCount = "0"
            continueAfterRunningActions = "No"
            filePath = "Parkplus/Screens/Home/View/Subviews/DateTimeView.swift"
            startingColumnNumber = "9223372036854775807"
            endingColumnNumber = "9223372036854775807"
            startingLineNumber = "179"
            endingLineNumber = "179"
            landmarkName = "closeButtonTapped(_:)"
            landmarkType = "7">
         </BreakpointContent>
      </BreakpointProxy>
      <BreakpointProxy
         BreakpointExtensionID = "Xcode.Breakpoint.FileBreakpoint">
         <BreakpointContent
            uuid = "0253A264-A7D9-4D11-8EF8-39802049E625"
            shouldBeEnabled = "Yes"
            ignoreCount = "0"
            continueAfterRunningActions = "No"
            filePath = "Parkplus/Screens/Home/View/Subviews/DateTimeView.swift"
            startingColumnNumber = "9223372036854775807"
            endingColumnNumber = "9223372036854775807"
            startingLineNumber = "183"
            endingLineNumber = "183"
            landmarkName = "hoursButtonTapped()"
            landmarkType = "7">
         </BreakpointContent>
      </BreakpointProxy>
      <BreakpointProxy
         BreakpointExtensionID = "Xcode.Breakpoint.FileBreakpoint">
         <BreakpointContent
            uuid = "85FD682D-1565-4446-A84E-B95D7AEFAB18"
            shouldBeEnabled = "Yes"
            ignoreCount = "0"
            continueAfterRunningActions = "No"
            filePath = "Parkplus/Screens/Home/View/Subviews/DateTimeView.swift"
            startingColumnNumber = "9223372036854775807"
            endingColumnNumber = "9223372036854775807"
            startingLineNumber = "193"
            endingLineNumber = "193"
            landmarkName = "minusButtonTapped(_:)"
            landmarkType = "7">
         </BreakpointContent>
      </BreakpointProxy>
      <BreakpointProxy
         BreakpointExtensionID = "Xcode.Breakpoint.FileBreakpoint">
         <BreakpointContent
            uuid = "7F359E41-CD64-40E6-A6DF-D740565A5E7D"
            shouldBeEnabled = "Yes"
            ignoreCount = "0"
            continueAfterRunningActions = "No"
            filePath = "Parkplus/Screens/Home/View/Subviews/DateTimeView.swift"
            startingColumnNumber = "9223372036854775807"
            endingColumnNumber = "9223372036854775807"
            startingLineNumber = "253"
            endingLineNumber = "253"
            landmarkName = "didTapHoursButton(tag:)"
            landmarkType = "7">
         </BreakpointContent>
      </BreakpointProxy>
      <BreakpointProxy
         BreakpointExtensionID = "Xcode.Breakpoint.FileBreakpoint">
         <BreakpointContent
            uuid = "0AC9BC2B-8E22-41FB-BB5D-E7CAF43AAAD9"
            shouldBeEnabled = "No"
            ignoreCount = "0"
            continueAfterRunningActions = "No"
            filePath = "Parkplus/Screens/Create Booking/View/CreateBookingViewController.swift"
            startingColumnNumber = "9223372036854775807"
            endingColumnNumber = "9223372036854775807"
            startingLineNumber = "1120"
            endingLineNumber = "1120"
            landmarkName = "updateMarkerView(marker:)"
            landmarkType = "7">
         </BreakpointContent>
      </BreakpointProxy>
      <BreakpointProxy
         BreakpointExtensionID = "Xcode.Breakpoint.FileBreakpoint">
         <BreakpointContent
            uuid = "19CFB059-5857-4EC7-82D6-01780CFFA60B"
            shouldBeEnabled = "No"
            ignoreCount = "0"
            continueAfterRunningActions = "No"
            filePath = "Parkplus/Screens/Create Booking/Interactor/CreateBookingScreenInteractor.swift"
            startingColumnNumber = "9223372036854775807"
            endingColumnNumber = "9223372036854775807"
            startingLineNumber = "133"
            endingLineNumber = "133"
            landmarkName = "fetchPPGOffers(dto:completion:)"
            landmarkType = "7">
         </BreakpointContent>
      </BreakpointProxy>
      <BreakpointProxy
         BreakpointExtensionID = "Xcode.Breakpoint.FileBreakpoint">
         <BreakpointContent
            uuid = "78E4FF0E-CA1D-4858-A2D8-37B8B7B0D363"
            shouldBeEnabled = "No"
            ignoreCount = "0"
            continueAfterRunningActions = "No"
            filePath = "Parkplus/Screens/Create Booking/Interactor/CreateBookingScreenInteractor.swift"
            startingColumnNumber = "9223372036854775807"
            endingColumnNumber = "9223372036854775807"
            startingLineNumber = "134"
            endingLineNumber = "134"
            landmarkName = "fetchPPGOffers(dto:completion:)"
            landmarkType = "7">
         </BreakpointContent>
      </BreakpointProxy>
      <BreakpointProxy
         BreakpointExtensionID = "Xcode.Breakpoint.FileBreakpoint">
         <BreakpointContent
            uuid = "3962E08A-0082-42A4-A66E-81DB2C2C6BD6"
            shouldBeEnabled = "Yes"
            ignoreCount = "0"
            continueAfterRunningActions = "No"
            filePath = "Parkplus/Networking/Webservice.swift"
            startingColumnNumber = "9223372036854775807"
            endingColumnNumber = "9223372036854775807"
            startingLineNumber = "126"
            endingLineNumber = "126"
            landmarkName = "sendRequest(apiRequest:completion:)"
            landmarkType = "7">
         </BreakpointContent>
      </BreakpointProxy>
   </Breakpoints>
</Bucket>
